,const,rv_d,rv_w,rv_m,iv
2020-01-06,0.0009603579051948764,0.005542091372642666,0.24083025580698597,0.18873206782151367,0.3807594626136137
2020-02-05,0.0009480414590160451,0.005543562705645544,0.24080539908529006,0.18876223556771618,0.3808477690561838
2020-03-06,0.0010525810087532138,0.005631468887280666,0.2413873419712532,0.18808447257148608,0.38018465589371453
2020-04-06,0.0016940058633058953,0.014870775304569928,0.31249510244369605,0.09338537165428794,0.41462241468052496
2020-05-06,0.0006132812487335357,0.03137097851640119,0.18340826370931673,0.009981428404083253,0.5790451513585979
2020-06-05,0.00018254578940895272,0.029265510001504735,0.19603763064682786,-0.03894584681940627,0.6139620711345926
2020-07-07,0.00017470816849924958,0.0292020068449918,0.19549657949105798,-0.03946464298236904,0.6158602249356375
2020-08-05,0.0002709056068302109,0.028716338646928408,0.19524390457835422,-0.03591665349166487,0.6090997707311036
2020-09-03,0.0002896941819469341,0.028860847877101192,0.19677668326976255,-0.03503046387347866,0.6046469697022491
2020-10-05,0.000294274543414254,0.028815212244111488,0.19648745904316905,-0.035800290052048905,0.6061652610716011
2020-11-03,0.00030636486015290566,0.02878645038332256,0.19626948943319258,-0.03403403748492462,0.6034407404400164
2020-12-03,0.0004339426495745837,0.02882924969123246,0.19705720984999114,-0.030469890541897998,0.5961101463799736
2021-01-05,0.00041275815461969443,0.02893681724374647,0.19740912561870375,-0.029811967992947497,0.5939699776875567
2021-02-04,0.0004031482423782674,0.028985786718467688,0.19782205061975253,-0.028992088384824505,0.5922043643752529
2021-03-08,0.00044587003627767207,0.028977933743876305,0.19828769935901136,-0.026870566686288816,0.5882158382195142
2021-04-07,0.0004466351361027223,0.028970372104101305,0.19815608986910227,-0.02610062536804436,0.5871957031941377
2021-05-06,0.00041005467416634675,0.029005850078610673,0.19824107914103334,-0.02600954874756148,0.586921743204442
2021-06-07,0.00040016875212117297,0.02901190677430543,0.19823945186346764,-0.025982491150968456,0.5869293820751351
2021-07-07,0.0003631113334973497,0.02901946691484225,0.19823469079227155,-0.025446230044505885,0.5862968954673287
2021-08-05,0.0003425635388208847,0.02901660496401043,0.19825143531230846,-0.02537077118446973,0.5862981217412017
2021-09-03,0.00030487316153056317,0.029014580954782765,0.19825337302599527,-0.025119540412953195,0.5861543796188842
2021-10-05,0.00028135229030598293,0.029018860738507346,0.19830673366256693,-0.024958470093930596,0.5859974894202876
2021-11-03,0.00027202906103816754,0.029009277762789387,0.198319848762723,-0.02444154609465865,0.585291234235338
2021-12-03,0.00023471575790652097,0.029018897256229415,0.19833357850324143,-0.024492621740438092,0.5854676588155266
2022-01-04,0.0002723192474031744,0.02902471429015252,0.198275152913629,-0.02390365536282013,0.5844285289383004
2022-02-03,0.0002747786760627636,0.029056569381357034,0.19824256093712395,-0.02340836451881309,0.5836543139279955
2022-03-07,0.0003105799378568021,0.029062229270960804,0.19829407071891522,-0.023077621283213723,0.5829651850113745
2022-04-05,0.0003381422056179283,0.029054514944843124,0.19847036093357767,-0.022745133732478107,0.582113221162345
2022-05-05,0.0004036680702584181,0.02906774486865077,0.1987030227762823,-0.02108899446708065,0.5786554132337046
2022-06-06,0.000473448982394678,0.029010719593493328,0.19853010155837542,-0.022240155391104688,0.5809989787363925
2022-07-07,0.0005163102654432393,0.02886146821313318,0.19780796419560076,-0.020209481773795612,0.5801452256041257
2022-08-05,0.0005168848684019043,0.028820116246609406,0.19708319313284448,-0.019591295036165635,0.5793975194997176
2022-09-06,0.0005069426046584225,0.02876856684250151,0.1971811566682345,-0.019645692044023583,0.5793002425182051
2022-10-05,0.0005513944335901105,0.02868817719523231,0.19708147553714,-0.01956700146206003,0.5794871479102315
2022-11-03,0.0005523960016272452,0.02845897110614387,0.19672918542576673,-0.019805707981090104,0.5810174917415234
2022-12-05,0.0005558863455979421,0.02843486817905372,0.19647226592101863,-0.019598604408700815,0.5813574337693908
2023-01-05,0.0005180566172971859,0.02816950445254368,0.19540999073138152,-0.01953818608582994,0.5830882030690903
2023-02-06,0.0005043424702238134,0.028142260922233764,0.1954233062148702,-0.019599705631023867,0.5831538060190721
2023-03-08,0.0004940809913308973,0.02812099586115402,0.19541535250416894,-0.019607127083098058,0.5832147331238654
2023-04-06,0.0004961076316859125,0.028115725002784864,0.19539070898182392,-0.01957418327210067,0.5831963475697448
2023-05-08,0.0004682963960960446,0.028159630205939812,0.19540546130627062,-0.019096822577359784,0.5823929747381305
2023-06-07,0.0004547036885778224,0.02814037546268422,0.19538536419119448,-0.019072448081955767,0.5824756928957341
2023-07-10,0.0004295321218101772,0.028141786583448514,0.19535564472091035,-0.019086818272032874,0.5826532059217683
2023-08-08,0.0004086589694083971,0.028132283906388056,0.1953188434727897,-0.019157194789455073,0.5829355034232853
2023-09-07,0.0003993662641467406,0.028127406492390095,0.1953056041439865,-0.01916227305205115,0.5830258666161793
2023-10-06,0.0003854558707878892,0.028121728990468664,0.19527875596332053,-0.019138463137254286,0.5831211896599225
2023-11-06,0.00038457232294752583,0.02811415478308399,0.1952747602924354,-0.019085324226532724,0.5830629715707905
2023-12-06,0.0003725570354696678,0.028105392722145073,0.1952410348196976,-0.019004638387066647,0.5830534060635947
2024-01-08,0.0003501059060825274,0.02809884894088016,0.19516426504226775,-0.019149482419409836,0.5834647813356403
2024-02-07,0.0003444093662723759,0.028094698059145606,0.19513677587442402,-0.019155740289656942,0.5835528263658378
2024-03-08,0.0003507497669681188,0.028091357447714294,0.19514177672003027,-0.01913732763239903,0.5834814969607067
2024-04-09,0.0003374895562996577,0.02807505670725946,0.1951082188121232,-0.01918867417045253,0.5836888605443631
2024-05-08,0.0003410390228589261,0.02807503392378058,0.19511028301197106,-0.019181579854317288,0.5836497334193774
2024-06-07,0.00031645571539315194,0.028064157523272126,0.1950449289665307,-0.019189246435154267,0.583892852037057
2024-07-10,0.00029323915141373717,0.028054594264702526,0.19500658115419903,-0.019289615844785418,0.5842370056719697
2024-08-08,0.0003190805356013634,0.028060663981232747,0.1950508608140255,-0.019241871913825453,0.5839157810926926
2024-09-09,0.0004236421850832138,0.02803522323068408,0.1954514967005797,-0.01814040220740712,0.581071375570275
2024-10-08,0.0004081010664993414,0.028010303433646855,0.19532720521802477,-0.018051157537062934,0.5811335658622497
2024-11-06,0.0003747329155463243,0.028014952788693426,0.19534810771045133,-0.018047624286170072,0.581232278015311
2024-12-06,0.00036233279554439765,0.028017528373444178,0.1954242582313276,-0.01770650402763685,0.580728322830757
2025-01-08,0.00035190740584132034,0.02800169766758437,0.19527135319729463,-0.017644249629768488,0.580917086419439
2025-02-10,0.0003670715219512079,0.027931239000314134,0.1953072934037819,-0.01734012769991211,0.5804090954203573
2025-03-12,0.0003573525323155895,0.027917551784420125,0.19528692912392628,-0.017384360071648147,0.5805393789106807
2025-04-10,0.00040621914553605286,0.027811278389428096,0.19559725910344508,-0.01842506501112942,0.5816292096848592
2025-05-12,0.0007258848884053225,0.024083416467532703,0.19236020286055483,-0.01318259109595818,0.5828071656234803
2025-06-11,0.0004824460526302777,0.02695526015658778,0.18073656961056658,-0.01593342042278942,0.5947590518427988
2025-07-14,0.0004386120834761213,0.026905311832557455,0.1807291483315608,-0.016226352156956586,0.5953075504360296
2025-08-12,0.00040360731624507516,0.026912636600794904,0.1807845277249872,-0.016048840966421063,0.5951715632019108
2025-09-11,0.0003817478127399836,0.026908440488721486,0.18075686534808313,-0.01592611541074962,0.5951930936934106
2025-10-10,0.00034752616339892353,0.026902900184274214,0.18073033795290355,-0.015951709426563876,0.5954891916187512
2025-11-10,0.00035174746438657733,0.026902123835110536,0.18072716901181493,-0.01597313562362271,0.5954913472450034
2025-12-10,0.00033877039902571136,0.02690651866580107,0.18061303747943186,-0.01563988409430217,0.5952291801220411
2026-01-12,0.0003117174499434691,0.026914468811154335,0.18067248601746824,-0.015274266803891157,0.5947169136775099
2026-02-11,0.0002964174879911975,0.02690744042596066,0.18067265690867904,-0.015300977995058751,0.5948517865819887
2026-03-13,0.0002843776961509472,0.026878952645636334,0.18064992309341332,-0.015193348383461036,0.5948338624512419
2026-04-14,0.00028107483898066215,0.026879075952170206,0.18075438000048666,-0.01490285367133598,0.5942770187953265
2026-05-13,0.00028109846513392993,0.026897834119117725,0.18084447465418219,-0.013902707874780734,0.5925161162651268
2026-06-12,0.00025372450272995433,0.02689457392917355,0.18090236526378783,-0.014083881231153894,0.5927590754441897
2026-07-15,0.0002633958824137067,0.026856989777074902,0.18082957010156656,-0.013960696785392634,0.5926526634972427
2026-08-13,0.00024175545687564958,0.026862301325486004,0.1807571550134734,-0.014005975627998907,0.592878549245821
2026-09-14,0.000213898504158694,0.02685138388287056,0.18063556317820947,-0.013961934651625957,0.5931447397678659
