episode,spx_return,vix_peak,"Short straddle, delta-hedged","Short straddle, unhedged",VRP filter > 0 vol pts,VRP filter > 2 vol pts,VRP filter > 4 vol pts
Covid crash 2020,-0.1398992910429736,82.69000244140625,-0.11070800278276655,-0.1618824761930347,-0.04034013924536323,-0.04034013924536323,0.0
Tech selloff Sep 2020,-0.08681765153502174,40.279998779296875,-0.0014789934246805371,0.03713140650677623,-0.0014789934246805371,-0.0014789934246805371,-0.0014789934246805371
Retail squeeze Jan 2021,0.008162654026155014,37.209999084472656,0.005025230023149391,0.025175103442465284,0.005025230023149391,-0.0073205111976264595,-0.0073205111976264595
Omicron Nov-Dec 2021,-0.024540122938345954,31.1200008392334,0.004969137167458084,0.0393899404469926,0.004969137167458084,0.004969137167458084,0.01845945939349219
Rate shock 2022,-0.19275899120005335,36.45000076293945,-0.03155377494366188,-0.02698376894965919,-0.03155377494366188,-0.03155377494366188,0.025189133047600988
Regional banks Mar 2023,0.029383706088204953,26.520000457763672,0.005684022913750212,0.023599688265280017,0.005684022913750212,0.005684022913750212,0.0
Yield spike Oct 2023,-0.05764080552936035,21.709999084472656,-0.001957742155827947,-0.011978733791638543,-0.001957742155827947,-0.001957742155827947,0.0
Yen carry unwind Aug 2024,0.005785668370518415,38.56999969482422,0.01437553549883895,-0.03421329576760941,0.01437553549883895,0.01437553549883895,0.0
Tariff shock Apr 2025,-0.0113632118227609,52.33000183105469,-0.02975649358261089,-0.08999302759184252,-0.02975649358261089,-0.02975649358261089,0.01106220305272157
Selloff Mar 2026,-0.05131060588106995,31.049999237060547,0.007965682527702307,0.007270519517719835,0.007965682527702307,0.003891943171912205,0.003891943171912205
