entry,expiry,strike,implied_vol,realized_vol,premium,pnl,return_on_capital
2020-01-02,2020-02-03,3257.85009765625,0.10470000267028809,0.11537863624542127,24114.574376081797,-5060.338685174614,-0.005060338685174613
2020-02-03,2020-03-04,3248.919921875,0.1596999931335449,0.3363067426313097,36780.35172096772,-34329.43241720474,-0.03432943241720474
2020-03-04,2020-04-02,3130.1201171875,0.29989999771118164,0.9342735156780282,69054.23068779788,-82237.89682613479,-0.08223789682613479
2020-04-02,2020-05-04,2526.89990234375,0.4890999984741211,0.3836696586437907,112560.62236245534,11757.558360909272,0.011757558360909273
2020-05-04,2020-06-03,2842.739990234375,0.3397000122070313,0.2048531514472438,78211.57205755245,22978.59253993887,0.02297859253993887
2020-06-03,2020-07-02,3122.8701171875,0.23659999847412108,0.2939149445351899,54485.352778967,4969.195369202847,0.004969195369202847
2020-07-02,2020-08-03,3130.010009765625,0.2568000030517578,0.1388169753275541,59135.05803654683,20844.931258129927,0.020844931258129928
2020-08-03,2020-09-01,3294.610107421875,0.22280000686645507,0.09441357030919967,51308.55552562185,18506.285689681376,0.018506285689681375
2020-09-01,2020-10-01,3526.64990234375,0.241200008392334,0.24360400035516086,55544.2407262816,-5483.454833433944,-0.005483454833433944
2020-10-01,2020-10-30,3380.800048828125,0.24700000762939453,0.21003949624678037,56879.322313708384,4005.4017136907996,0.0040054017136908
2020-10-30,2020-12-01,3269.9599609375,0.36020000457763673,0.17612874292387196,82927.30237007479,24426.858875418668,0.024426858875418667
2020-12-01,2020-12-31,3662.449951171875,0.18770000457763672,0.08108173832353217,43227.54749653365,22566.06816755023,0.022566068167550232
2020-12-31,2021-02-02,3756.070068359375,0.2075,0.17466194603351873,47786.213156407175,4807.183943557668,0.004807183943557667
2021-02-02,2021-03-04,3826.31005859375,0.23559999465942383,0.15634340877306244,54255.156171961564,13190.049957266292,0.013190049957266293
2021-03-04,2021-04-05,3768.469970703125,0.2656999969482422,0.14786992261077134,61183.53155569526,20183.639214059524,0.020183639214059523
2021-04-05,2021-05-04,4077.909912109375,0.1590999984741211,0.09554531563765586,36642.191862979234,9582.355833928197,0.009582355833928196
2021-05-04,2021-06-03,4164.66015625,0.17479999542236327,0.13255744769176034,40257.312730749356,20041.308601609126,0.020041308601609124
2021-06-03,2021-07-02,4192.85009765625,0.16040000915527344,0.08989327922626292,36941.542997312215,13863.892882852673,0.013863892882852674
2021-07-02,2021-08-03,4352.33984375,0.1306999969482422,0.11538458646247063,30102.270685040723,6898.103276284894,0.0068981032762848934
2021-08-03,2021-09-01,4423.14990234375,0.16040000915527344,0.08013828868087894,36941.54299731234,15009.641778597246,0.015009641778597246
2021-09-01,2021-10-01,4524.08984375,0.1411000061035156,0.13583070390914262,32497.237875598603,953.0632719914652,0.0009530632719914651
2021-10-01,2021-11-01,4357.0400390625,0.19100000381469726,0.11043347464816929,43987.350623386694,13211.470810850966,0.013211470810850966
2021-11-01,2021-12-01,4613.669921875,0.14409999847412108,0.13331471549423074,33188.07806231065,-5651.133882588025,-0.005651133882588024
2021-12-01,2021-12-31,4513.0400390625,0.291200008392334,0.16816178128883538,67052.1896861554,19470.27636985338,0.019470276369853382
2021-12-31,2022-02-01,4766.18017578125,0.15219999313354493,0.184377874975596,35053.31863559353,-8873.133242243093,-0.008873133242243094
2022-02-01,2022-03-03,4546.5400390625,0.19959999084472657,0.2262046393275453,45967.393778551246,-7655.971747105937,-0.007655971747105936
2022-03-03,2022-04-01,4363.490234375,0.2847999954223633,0.2226895913779132,65579.35146216897,17207.61732740884,0.01720761732740884
2022-04-01,2022-05-03,4545.85986328125,0.17629999160766602,0.24632377892401205,40602.69510889077,-8471.293499367563,-0.008471293499367562
2022-05-03,2022-06-02,4175.47998046875,0.2725,0.31315867237416145,62748.591337382735,-4267.208412306412,-0.004267208412306413
2022-06-02,2022-07-05,4176.81982421875,0.22719999313354491,0.2903089409438224,52321.4675569359,-11766.031278207858,-0.011766031278207858
2022-07-05,2022-08-03,3831.389892578125,0.25540000915527344,0.1995586260990113,58812.81846608125,7981.515720192141,0.007981515720192142
2022-08-03,2022-09-01,4155.169921875,0.19950000762939454,0.19280255960793521,45944.3742515936,-11226.118863139745,-0.011226118863139746
2022-09-01,2022-10-03,3966.85009765625,0.23559999465942383,0.26090802514697325,54255.15617196163,-7234.13575837914,-0.00723413575837914
2022-10-03,2022-11-01,3678.429931640625,0.28100000381469725,0.26364806813262104,64704.830927131494,2074.106985409365,0.002074106985409365
2022-11-01,2022-12-01,3856.10009765625,0.23809999465942383,0.27186978828426406,54830.64336515937,-8920.252978480736,-0.008920252978480736
2022-12-01,2023-01-03,4076.570068359375,0.1784000015258789,0.18121921545796116,41086.23075129234,-4171.317529331881,-0.004171317529331881
2023-01-03,2023-02-02,3824.139892578125,0.20899999618530274,0.1756887511612379,48131.55038500925,4645.039130129625,0.004645039130129625
2023-02-02,2023-03-06,4179.759765625,0.1672999954223633,0.14546426128199882,38530.36847195944,496.35129697393097,0.0004963512969739309
2023-03-06,2023-04-04,4048.419921875,0.16610000610351563,0.17651257220467179,38254.055608112256,3545.7800516420734,0.0035457800516420735
2023-04-04,2023-05-04,4100.60009765625,0.17,0.12067147722997229,39152.07476538628,10438.567011306302,0.010438567011306302
2023-05-04,2023-06-05,4061.219970703125,0.1809000015258789,0.13113614335267465,41661.860777732,8111.463692217252,0.008111463692217252
2023-06-05,2023-07-06,4273.7900390625,0.12729999542236328,0.10183994809352796,29319.28600656362,2904.0407287512126,0.0029040407287512127
2023-07-06,2023-08-04,4411.58984375,0.134399995803833,0.09185592977691336,30954.333358288426,6764.390227141973,0.006764390227141973
2023-08-04,2023-09-05,4478.02978515625,0.15100000381469728,0.11610689299459667,34776.99193753527,11151.493886523303,0.011151493886523303
2023-09-05,2023-10-04,4496.830078125,0.12010000228881836,0.12338851772484331,27661.18005613489,-2936.74494458341,-0.00293674494458341
2023-10-04,2023-11-02,4263.75,0.16579999923706054,0.15045041786418922,38184.97501658487,-6531.862201550757,-0.006531862201550757
2023-11-02,2023-12-04,4317.77978515625,0.1365999984741211,0.10550589103800116,31460.961820489054,-254.82966758975567,-0.00025482966758975565
2023-12-04,2024-01-04,4569.77978515625,0.11079999923706055,0.10043706755922702,25519.413172237375,-41.22951978297738,-4.1229519782977376e-05
2024-01-04,2024-02-05,4688.68017578125,0.12130000114440918,0.11732661460840921,27937.533170596176,777.5941464762072,0.0007775941464762072
2024-02-05,2024-03-06,4942.81005859375,0.11670000076293946,0.1181124350361637,26878.17398851889,-4070.515774402211,-0.004070515774402211
2024-03-06,2024-04-05,5104.759765625,0.125,0.1048567551592733,28789.617177442058,1472.7239328842184,0.0014727239328842184
2024-04-05,2024-05-06,5204.33984375,0.14030000686645508,0.13800849221867573,32313.012498712636,97.62587965178409,9.762587965178409e-05
2024-05-06,2024-06-05,5180.740234375,0.11489999771118165,0.08554380938282286,26463.63821536439,4460.27283645158,0.004460272836451579
2024-06-05,2024-07-08,5354.02978515625,0.10630000114440918,0.061238544462774755,24483.05839202428,5321.402932013746,0.005321402932013746
2024-07-08,2024-08-06,5572.85009765625,0.10369999885559082,0.19660782490246326,23884.270113645347,-19536.245640055276,-0.019536245640055277
2024-08-06,2024-09-05,5240.02978515625,0.25709999084472657,0.15871298884198548,59204.10655085065,20176.74747510766,0.02017674747510766
2024-09-05,2024-10-04,5503.41015625,0.17899999618530274,0.11868867114719961,41224.3812185711,8674.726506389818,0.008674726506389818
2024-10-04,2024-11-04,5751.06982421875,0.17209999084472657,0.10525737128186292,39635.61707150743,19089.584983840792,0.019089584983840793
2024-11-04,2024-12-04,5712.68994140625,0.1997999954223633,0.12324280559780983,46013.44158646776,7828.762173951191,0.00782876217395119
2024-12-04,2025-01-06,6086.490234375,0.11449999809265136,0.14773243100629022,26371.519155148642,-7171.786355167983,-0.007171786355167983
2025-01-06,2025-02-06,5975.3798828125,0.14040000915527343,0.13274758541804557,32336.0412434676,2151.453701361819,0.002151453701361819
2025-02-06,2025-03-10,6083.56982421875,0.135,0.18389667366906687,31092.505867333504,-7294.58755004993,-0.00729458755004993
2025-03-10,2025-04-08,5614.56005859375,0.25860000610351563,0.318266116244481,59549.36501607381,-25660.24315786099,-0.02566024315786099
2025-04-08,2025-05-08,4982.77001953125,0.5033000183105468,0.3913120725224706,115822.92662934121,10950.00985543393,0.010950009855433929
2025-05-08,2025-06-09,5663.93994140625,0.20479999542236327,0.15923892206095405,47164.59787800264,2426.1521220865793,0.002426152122086579
2025-06-09,2025-07-10,6005.8798828125,0.1515999984741211,0.10243068469032053,34915.15541747305,6942.403429809703,0.006942403429809703
2025-07-10,2025-08-08,6280.4599609375,0.1377999973297119,0.09687074507387565,31737.302685441264,8421.474414211083,0.008421474414211084
2025-08-08,2025-09-09,6389.4501953125,0.13149999618530273,0.09120753266066345,30286.50106924601,7683.619547591615,0.0076836195475916145
2025-09-09,2025-10-08,6512.60986328125,0.13039999961853027,0.06632767949417602,30033.184736419094,7506.052137968178,0.007506052137968178
2025-10-08,2025-11-06,6753.72021484375,0.14299999237060546,0.14972727414415724,32934.76865970883,4609.351124616679,0.004609351124616679
2025-11-06,2025-12-08,6720.31982421875,0.175,0.1333273156389639,40303.36499500355,11662.50822806584,0.01166250822806584
2025-12-08,2026-01-08,6846.509765625,0.14659999847412108,0.09057388357149851,33763.77493467541,14666.767409150136,0.014666767409150136
2026-01-08,2026-02-09,6921.4599609375,0.13449999809265137,0.13066708992873197,30977.362491973876,4216.714103550524,0.004216714103550524
2026-02-09,2026-03-11,6964.81982421875,0.15360000610351562,0.11293883877549168,35375.70431001946,7563.631813959419,0.0075636318139594184
2026-03-11,2026-04-10,6775.7998046875,0.22229999542236328,0.19408777004782185,51193.447575280465,16880.481338154,0.016880481338154
2026-04-10,2026-05-11,6816.89013671875,0.1722999954223633,0.12028784897592333,39681.6697853353,3884.0735788996085,0.0038840735788996084
2026-05-11,2026-06-10,7412.83984375,0.163799991607666,0.13777824684666765,37724.444700468266,-528.4128534227236,-0.0005284128534227237
2026-06-10,2026-07-13,7266.990234375,0.20219999313354492,0.1362965413741284,46565.999106374285,10797.05641716067,0.01079705641716067
2026-07-13,2026-08-11,7515.33984375,0.1515999984741211,0.13558378678474936,34915.1554174729,870.7373649954715,0.0008707373649954715
2026-08-11,2026-09-10,7728.2001953125,0.13279999732971193,0.0850134719111725,30585.875130367873,10994.091687198452,0.010994091687198452
